{
    "coef_": [
        1.568010111027074,
        5.006365018949635,
        -0.14893660037111436
    ],
    "intercept_": 34.5303885547102
}